{"cameraMode":{"drawMode":0,"name":"Shaded","section":"Shading Mode"},"sceneLighting":true,"audioPlay":false,"sceneViewState":{"m_AlwaysRefresh":false,"showFog":true,"showSkybox":true,"showFlares":true,"showImageEffects":true,"showParticleSystems":true,"showVisualEffectGraphs":true,"m_FxEnabled":true},"in2DMode":false,"pivot":{"x":8.136919021606446,"y":32.070255279541019,"z":4.116903305053711},"rotation":{"x":0.04639269411563873,"y":-0.9092017412185669,"z":0.10451435297727585,"w":0.4004136025905609},"size":281.40313720703127,"orthographic":true}