{"cameraMode":{"drawMode":0,"name":"Shaded","section":"Shading Mode"},"sceneLighting":true,"audioPlay":false,"sceneViewState":{"m_AlwaysRefresh":false,"showFog":true,"showSkybox":true,"showFlares":true,"showImageEffects":true,"showParticleSystems":true,"showVisualEffectGraphs":true,"m_FxEnabled":true},"in2DMode":false,"pivot":{"x":-3.254849672317505,"y":19.342735290527345,"z":12.006938934326172},"rotation":{"x":-0.3662622272968292,"y":0.007253027521073818,"z":-0.0028550634160637857,"w":-0.9304804801940918},"size":38.07598876953125,"orthographic":false}