{"cameraMode":{"drawMode":0,"name":"Shaded","section":"Shading Mode"},"sceneLighting":true,"audioPlay":false,"sceneViewState":{"m_AlwaysRefresh":false,"showFog":true,"showSkybox":true,"showFlares":true,"showImageEffects":true,"showParticleSystems":true,"showVisualEffectGraphs":true,"m_FxEnabled":true},"in2DMode":false,"pivot":{"x":-5.664671897888184,"y":-41.178138732910159,"z":96.12708282470703},"rotation":{"x":-0.27967122197151186,"y":0.01756489835679531,"z":-0.0051176282577216629,"w":-0.959921658039093},"size":73.79989624023438,"orthographic":false}