{"cameraMode":{"drawMode":0,"name":"Shaded","section":"Shading Mode"},"sceneLighting":true,"audioPlay":false,"sceneViewState":{"m_AlwaysRefresh":false,"showFog":true,"showSkybox":true,"showFlares":true,"showImageEffects":true,"showParticleSystems":true,"showVisualEffectGraphs":true,"m_FxEnabled":true},"in2DMode":false,"pivot":{"x":-46.2531852722168,"y":26.225112915039064,"z":-14.417885780334473},"rotation":{"x":0.28173962235450747,"y":0.0033492259681224825,"z":-0.0013125611003488303,"w":0.9595322012901306},"size":35.60572814941406,"orthographic":true}