{"cameraMode":{"drawMode":0,"name":"Shaded","section":"Shading Mode"},"sceneLighting":true,"audioPlay":false,"sceneViewState":{"m_AlwaysRefresh":false,"showFog":true,"showSkybox":true,"showFlares":true,"showImageEffects":true,"showParticleSystems":true,"showVisualEffectGraphs":true,"m_FxEnabled":true},"in2DMode":false,"pivot":{"x":27.45690155029297,"y":-2.7917466163635256,"z":44.11503601074219},"rotation":{"x":0.20111221075057984,"y":0.003528161672875285,"z":-0.0007213783101178706,"w":0.9795368313789368},"size":9.19769287109375,"orthographic":false}